image_path,person_idx,bbox_x1,bbox_y1,bbox_x2,bbox_y2,kpt_0_x,kpt_0_y,kpt_0_conf,kpt_1_x,kpt_1_y,kpt_1_conf,kpt_2_x,kpt_2_y,kpt_2_conf,kpt_3_x,kpt_3_y,kpt_3_conf,kpt_4_x,kpt_4_y,kpt_4_conf,kpt_5_x,kpt_5_y,kpt_5_conf,kpt_6_x,kpt_6_y,kpt_6_conf,kpt_7_x,kpt_7_y,kpt_7_conf,kpt_8_x,kpt_8_y,kpt_8_conf,kpt_9_x,kpt_9_y,kpt_9_conf,kpt_10_x,kpt_10_y,kpt_10_conf,kpt_11_x,kpt_11_y,kpt_11_conf,kpt_12_x,kpt_12_y,kpt_12_conf,kpt_13_x,kpt_13_y,kpt_13_conf,kpt_14_x,kpt_14_y,kpt_14_conf,kpt_15_x,kpt_15_y,kpt_15_conf,kpt_16_x,kpt_16_y,kpt_16_conf
/home/jay/CodingProjects/tennis_tracker_2/tennis_tracking/PlayerCrops/player_1/frame_000041_p1.jpg,0,5.586994647979736,21.242504119873047,85.0456771850586,187.8291473388672,29.108871459960938,59.61316680908203,0.33825522661209106,29.29295539855957,57.35056686401367,0.09573667496442795,28.889543533325195,58.25161361694336,0.1303238719701767,32.721126556396484,55.251670837402344,0.08348138630390167,31.930723190307617,57.89604568481445,0.12289303541183472,46.16529846191406,60.13190841674805,0.9190471172332764,32.718936920166016,69.3593521118164,0.9443528652191162,63.95387268066406,51.46796798706055,0.9417069554328918,35.61316680908203,87.94384765625,0.9816586375236511,72.78943634033203,35.80138397216797,0.9347257018089294,45.779876708984375,104.24500274658203,0.9786061644554138,47.57075881958008,104.38272094726562,0.9978679418563843,37.447872161865234,107.69931030273438,0.9986883997917175,55.86913299560547,132.72471618652344,0.9938321113586426,35.94095993041992,139.11239624023438,0.9966629147529602,50.09868240356445,157.6311492919922,0.9639840126037598,15.817339897155762,172.24844360351562,0.9717625379562378
